{
  "general": {
    "displayTooltip": true,
    "shiftForDetails": false,
    "displayMode": "TOGGLE",
    "hideFromDebug": true,
    "showItem": true,
    "enableTextToSpeech": false,
    "maxHealthForRender": 40,
    "maxHeartsPerLine": 10,
    "fluldMode": "NONE"
  },
  "overlay": {
    "overlayPosX": 0.5,
    "overlayPosY": 0.99,
    "overlayScale": 1.0,
    "overlayAnchorX": 0.5,
    "overlayAnchorY": 0.0,
    "overlaySquare": false,
    "flipMainHand": false,
    "color": {
      "alpha": 50,
      "themes": [
        {
          "id": "waila:dark",
          "backgroundColor": 1250067,
          "gradientStart": 3684408,
          "gradientEnd": 2368548,
          "fontColor": 10526880
        },
        {
          "id": "waila:vanilla",
          "backgroundColor": 1048592,
          "gradientStart": 5243135,
          "gradientEnd": 2621567,
          "fontColor": 10526880
        }
      ],
      "activeTheme": "waila:dark"
    }
  },
  "formatting": {
    "modName": "\\u00A79\\u00A7o%s",
    "blockName": "\\u00A7f%s",
    "fluidName": "\\u00A7f%s",
    "entityName": "\\u00A7f%s",
    "registryName": "\\u00A77[%s]"
  }
}